ID,SALE_PRICE
144650,708746
495961,508189
582423,1356270
966643,1849424
795229,1766369
905990,1521370
73365,100285
842713,728188
216126,1253639
549842,1371667
79125,258951
297597,1962678
315351,661447
152087,1409856
210343,294497
889339,1612434
393886,60490
197577,135418
544855,1493305
586338,1765563
806012,897417
241879,468826
162619,743793
739842,1727971
226652,1095138
15982,848114
814630,797077
230252,565874
32051,538563
991889,1874417
845135,1293778
431026,1298486
968292,1106180
709191,657911
548154,1537852
100896,823092
924130,1946793
680504,525593
880326,1261924
17481,882533
162360,436284
865059,1631740
749486,704450
93808,880936
201682,1525114
706486,415785
314289,111691
573939,1515635
885888,1903546
691083,346801
833399,438050
32939,372638
697126,1917513
743515,321680
741144,203170
274862,1789636
669859,1992820
379417,840639
538538,60286
661529,291698
441853,1345645
634044,660298
512593,1831591
913525,350518
387264,732732
728597,1492269
363868,903909
422381,532615
226236,1726438
421451,338335
990747,99806
8953,570672
615698,856004
310526,228734
170300,484826
252587,578094
917124,1425432
642089,1914860
829071,1350955
204242,1225368
603159,981246
400665,1176374
894146,991538
957977,1042816
866035,1941571
263335,887767
191733,1821339
350581,957448
494927,1702111
296028,605422
474896,452997
919055,350192
631652,1902072
776410,261686
970708,356366
669553,971717
497280,1484077
728105,1118535
618241,605416
844780,822468
65003,283334
186277,1122589
216758,356854
656006,667252
323787,1258710
791664,1498997
138468,1325762
346796,1215162
152978,1853189
465456,1068851
27079,1547798
152429,627257
101097,262725
7750,253194
462088,682182
513037,1076632
831714,1890564
904388,394418
761914,1617679
864312,619067
128128,859879
937006,1698027
365951,321727
796422,1330436
201384,1062096
577902,331223
665558,1024130
602812,1594158
49141,336584
270278,1964388
420129,945401
408789,434162
399396,1430627
729183,72277
786629,1053031
523804,1703523
161730,1117823
913123,1543912
306183,978658
351173,78745
432883,304711
558171,1347752
679163,1452575
196153,1800053
178862,1279490
466033,870417
155287,1070275
88426,1586685
913961,1838769
394374,1797556
709000,1158235
170328,946611
257605,1735913
944697,350676
171545,711229
743115,1902663
809337,1913016
809425,1928854
695357,120161
376596,1366087
18573,1902606
35720,1888034
23350,1639420
150168,138972
742769,913879
898945,784253
66889,1826790
239658,574186
115741,553811
120406,621331
496995,1116055
148245,1445525
405199,1706132
91286,1248567
331904,754025
902720,1600150
530108,154063
858387,375096
949077,470500
635864,1874871
990392,280767
708885,1653275
305472,861860
667334,156049
512234,734500
315385,1784448
739707,1884094
792079,1632012
652975,1504377
879138,1840146
133656,1739288
180929,1994937
623338,1504993
917384,811994
592823,901768
681504,836258
829876,640746
17670,141699
827980,1936775
492987,1928958
450472,1042000
503230,71904
125353,841722
846432,1156808
773168,1890333
524129,207133
290674,936780
804002,400957
694286,994538
450108,1305066
806231,1587133
294660,349616
532273,1682022
4996,1449793
472496,973604
508820,237269
455327,1868742
652870,791119
808089,210488
660615,1009915
546828,1536497
594472,386465
793819,339287
423837,709064
930660,1187655
515125,371020
357490,148597
865403,1388590
517104,1359712
689066,731972
880168,1733744
43369,293173
338857,705238
884232,244756
503899,307929
319568,959268
185275,722431
514899,211429
92094,492713
396613,341977
72147,280741
326609,365875
397036,1625994
296841,1830766
640871,387865
337435,1690822
884640,595679
883733,1286624
95240,1506745
511738,979384
166985,906419
517045,973897
288209,849531
801560,1445457
257596,730778
370744,138440
13377,773615
538211,1341585
695601,1047243
503983,1619439
325833,110067
700939,541076
493841,1152959
748363,1013263
412194,87699
423233,1865873
630158,798814
556206,1402487
77266,1583325
384779,1063716
211851,369840
762797,608979
350892,1818141
996509,1297956
767166,1449283
723860,1695120
41030,1093625
995693,1550612
514607,1141779
65910,1808611
548971,1311827
772363,1051649
995210,1994257
572269,1607453
285564,1020368
843656,174292
521201,929421
444273,1532181
801782,155777
481470,1920490
736965,547592
368162,145137
749404,158338
803030,360133
498871,380698
81262,1777814
158537,1271551
498066,1986610
519532,1502130
602258,538034
277139,1155703
102597,1690027
291133,1502487
565674,221939
81404,653588
475996,109679
229643,1020212
777694,1044080
458607,221964
600628,532403
143119,562200
695053,987458
47504,333869
915176,609365
64884,1677222
898078,763699
243133,1057302
213663,1470892
897092,1800374
775763,1549197
802723,1116762
920704,187740
787648,1562930
884875,293331
821600,1934683
204435,1703005
800498,1575758
885290,1658597
736922,754116
118173,723415
170970,1445143
526210,1540630
773007,1114696
288898,1770293
978857,373255
568371,1054663
29359,239467
114825,183665
488084,1580915
126996,962424
86804,76202
113951,1730855
520749,1151425
775737,633266
386873,808991
656254,1969699
30510,201807
277614,845430
593360,1335294
212080,902802
347076,1654884
524861,343663
75352,1039501
369278,1987372
470687,213941
872701,412362
870626,531275
409127,233654
650740,379790
271422,83701
667512,1607098
103945,1478109
968502,653307
456332,1281006
413245,1473871
380396,1348343
803549,249595
668914,1368855
218777,290516
988984,1951734
602498,634191
357151,211148
281663,1592117
899097,840602
109813,1880806
777096,1838107
750906,1528725
982042,112789
178006,1585487
792596,1805264
423053,232279
639704,1431336
706566,297509
119405,273877
715868,1179580
28238,547295
447003,53316
548270,506918
917402,1887184
428495,1151118
953531,1167467
65459,999991
168978,872973
434205,1415802
644597,1794503
25947,1301067
72252,1887708
33598,830082
129295,1737677
488777,1907558
230383,1491970
73452,1127514
450515,496423
271516,1427970
943466,77226
794327,810469
728655,744681
209669,301516
349618,720567
224789,1742627
193051,1501804
92819,1033083
933544,1703722
116143,367383
560319,532861
900731,1133983
204932,1970875
454493,842255
761148,340572
259322,1175917
516226,438455
926688,975011
771013,1469055
521336,1102916
429785,391450
315820,1366881
552945,394915
978038,1973264
62746,261987
854921,853169
227333,1792783
313710,616172
383060,496428
500628,1885151
926449,279053
751686,1720379
516342,1460295
864686,1177847
895269,1689979
722147,317999
128209,536562
859397,193346
672815,1786854
879552,1450845
992626,80261
368052,748453
458247,878634
840777,1000355
400620,1409255
108413,490973
987725,1690578
431634,1665197
950507,1953680
642157,1791120
43560,1645545
690572,925888
868693,825430
378796,1893184
110220,995730
758467,925619
199500,1444708
439816,916149
504004,1704389
514495,1276537
166251,619276
51222,1042325
193258,1797486
408502,1365861
552134,512701
599649,1763807
680378,360959
731713,1474744
86506,890857
701774,119615
699462,770991
329141,1089996
315085,633208
883550,1307142
626615,69760
653589,1893360
711380,964986
984798,805880
665407,616273
811326,589334
703463,796989
671311,944238
591322,452512
180298,1530297
417968,664778
77641,1039121
443903,1057379
844621,200806
913890,1340016
58163,589769
34734,1536184
136402,378308
203435,343963
870903,1614914
559977,110580
417930,1198647
963172,1982127
788705,653321
413391,1963465
382246,1169630
7897,1987622
836857,323378
305647,521089
349576,1659218
392379,314507
255510,710529
215497,886226
237470,1691888
965821,537040
168954,604297
91149,1654723
504402,159228
545589,1480275
736841,1648490
902161,1121901
659365,240055
69881,1363568
462287,592731
836036,885825
52243,1206578
797124,92013
882225,1236344
941610,1609991
792612,321532
63885,696587
687275,942090
205348,1121120
794666,1128810
80275,918386
85014,1549099
225153,131549
536296,1469781
705043,812163
256146,290695
893659,237269
912928,1634475
210850,1985857
896157,1942792
982338,1737102
6591,1189520
232699,504771
958122,985965
399204,1019286
585175,622972
960179,1312413
524348,1667033
378178,1402623
796329,375147
438949,1395432
357846,1996883
258815,1503261
423945,1500710
576804,1772337
769395,1797160
142437,1092796
273250,504805
821907,705437
856116,986822
744711,1303455
858949,1006985
613102,1209607
998895,739837
640028,169803
121834,1961871
762110,800975
326087,711716
714627,457155
36621,625749
349425,483708
727806,1706980
407029,1343303
867006,589473
555128,1085691
640620,1999743
282437,652596
196561,53876
789832,1346611
459391,297091
788632,1334652
681818,753092
809097,1697383
38532,791964
515062,195448
178115,628771
810631,1888047
204020,192875
56239,1696139
914158,258493
354346,1208729
440178,1315187
811692,869784
58925,478308
674451,1270772
602890,779608
164912,940781
576609,1622742
141482,749770
723865,1708788
335163,1906023
49558,383634
856767,318427
389003,1272573
757632,1380440
540551,773583
409848,1169644
616449,551540
785301,1788805
186884,883450
87811,1665539
180340,1637312
419194,1421052
958182,724382
906874,618765
392472,1756782
434719,1151076
519693,1660917
952668,1446995
713149,54969
317147,903021
630507,508943
943746,940117
578037,1496129
360180,1958160
943,1854861
66850,533336
782967,1075992
694672,824632
529437,1556408
456899,1700053
837953,826143
915605,1791787
380321,1295475
506790,1308835
944791,860473
914674,596175
750427,474158
868087,1814825
561499,131960
116971,970504
147139,788000
256354,250890
787693,337435
954061,667939
7263,1996896
807523,325808
449850,303302
111173,745716
640718,318104
427642,235243
675469,260876
600071,965274
826393,1246117
781720,1639990
928790,1142827
79401,423350
217204,695789
102120,707129
257133,788274
677676,1465389
337715,1566619
630922,1108638
437551,946406
173055,1480029
249587,1586092
364767,298242
994088,889771
744849,55759
810884,1030604
320815,1110048
887897,803620
192942,1556243
649485,1396467
976937,569297
36205,341000
989212,275640
250596,1994867
217749,464970
674651,923035
997062,1908679
703393,1447447
357230,313955
309041,1711977
59323,419335
980428,865020
527369,858916
970324,629989
716368,1836396
497069,923729
662488,1380514
415311,1067923
436628,305145
10773,1488829
251415,1125715
616761,225926
727230,857770
781711,612828
141317,859965
552309,1893112
387055,83649
693376,823187
568604,350429
209069,1859873
539383,1653231
591007,998807
60624,322112
612218,110599
247121,856279
911228,818516
639364,1023396
256868,941553
891920,922065
313643,1059825
147521,1007312
254859,1667468
581127,1773533
808998,1642419
341468,935464
243658,879379
909140,434580
727618,254034
307554,1037350
637670,1843402
643656,1446443
77125,1105157
587970,1469488
588655,431494
708011,1409902
410363,212509
373403,881512
262234,833169
531458,493408
324902,1061135
396246,180026
493168,1684730
956705,684279
866851,1059089
319177,1070845
356538,1238800
886321,787822
135789,471611
57641,486043
254652,1266725
957409,1012047
410140,706460
816197,276470
333121,1582354
723895,1062507
95249,246109
91533,666201
296734,1557116
705254,729199
938700,1313516
718599,67885
664589,964008
744278,1748529
502818,1441603
928279,405361
6501,1842499
904209,664400
465590,492780
382419,1601880
577264,1530984
619462,1559480
951359,990611
974286,1652569
546128,1560526
381147,420525
103695,1021292
289557,1135014
750499,1172069
422476,1207484
598820,1102417
268441,1727911
930768,1324801
398414,1596850
631212,225174
516285,1153933
80732,473413
882432,458017
436907,424207
792150,534451
548402,577364
876476,1308370
373225,1789948
10733,1276849
361853,1578959
468904,1041465
799836,496993
501002,1462205
103807,1834453
405387,1750685
748247,1399772
772382,1081908
527845,411104
335811,1127493
167513,317889
711401,1606280
860209,980626
57672,953148
455803,1978703
640997,1481224
97015,1307208
63822,1173766
23801,358364
758679,1305569
744116,631190
434011,1558393
486139,1403219
636338,216701
811766,818846
113286,730853
999486,1210244
316690,588032
148909,1989911
786165,1537942
831435,1789741
758352,556785
364690,1408745
623089,436016
627443,133568
815313,1723080
167113,1443237
162355,654645
392327,1123039
934183,1362556
247005,1778575
604924,463177
285612,337549
193768,1071860
694318,220305
901788,390036
967016,1643600
836663,353531
286350,1612482
346577,560263
285005,1402759
479738,180938
893334,143647
336088,1776541
984937,126155
828001,838616
690720,892072
53054,620777
18324,156067
207045,1821054
39320,575976
116952,392720
645885,365353
283807,732107
559979,399653
989574,918168
260981,1160470
42012,753085
467181,721602
382579,1952326
352430,1751290
691600,1606466
872100,1716497
797316,1638271
402891,1740115
593210,248932
312700,1496167
601576,438027
835817,1806331
88917,404498
390719,1655472
961036,1397926
151474,1610591
701579,1549083
130686,235583
380659,1420759
875877,800053
860580,1663639
554458,109257
404330,1363456
78402,1284997
622603,351776
729801,1787353
187630,1135128
655280,1010707
573192,757728
730658,566134
610950,1940193
943010,738103
39463,1294680
621702,1658284
774910,953871
39316,1090638
796766,1156459
541689,1159926
510451,290582
534671,122623
310673,1622533
128472,1178233
917705,269666
210003,790145
735335,595675
106683,1043698
210082,929624
180197,775409
896687,783081
386348,972826
678320,704654
562679,755672
169542,1274015
155305,557156
697588,1947575
994270,1675800
614977,177396
87678,630269
841916,587287
13296,701809
864992,1698791
680188,1151572
71173,580768
272223,407741
218353,748785
727134,1882071
638216,1692276
671888,1313626
913633,470011
211108,844736
859653,888803
658334,1795508
997564,1080116
264443,1916178
367246,568898
226379,1136929
472066,1563906
356952,285902
313575,1406165
134415,777163
303422,1046824
770870,702461
11544,1776386
474904,1049209
52184,1470684
561419,1610690
630283,879230
104996,1085109
784107,1611922
566960,1623608
661398,1842551
784206,1776993
267788,1240171
810349,1200542
570995,1103410
979301,932788
359519,951252
67216,1856359
973280,1459062
314799,1604766
602321,776917
790928,1161825
808269,1567605
3351,853780
389453,278900
167449,852558
408437,1490023
236053,1626355
977899,374120
608888,1197819
854460,1492041
521868,964715
176262,897629
858962,1673010
304283,738134
23479,859003
514158,1206905
296702,474330
672736,1576132
886501,1954087
370284,515770
538167,1786823
561316,635733
508277,1987801
473370,1557846
947317,1480515
997576,325563
684452,499025
660865,354124
484235,1530605
31794,1032509
960977,404427
196674,334149
626701,1130026
290956,1292651
677847,1503520
724778,755714
781907,804073
456192,802998
933199,1218436
98112,1386048
292719,170541
881575,894470
659928,1146713
794524,1527041
111017,1241382
57343,983892
22321,923531
552230,544957
675314,1931462
189063,1471652
287147,1065080
655249,1317618
669198,493568
215800,760133
874058,1609872
617583,450896
496074,216941
632145,357382
448689,418546
37423,1042149
690610,592527
842643,1699604
665052,1806287
784454,1369032
523136,1251217
994107,1996025
287428,1293879
757695,878080
505940,137297
277140,1641766
880209,321247
664870,1788333
119597,1861653
202928,1854990
369714,1014609
27714,1547485
210029,801728
250073,983375
761346,1154875
789166,1730912
839183,963471
8929,545338
865133,511939
159062,622883
934888,146196
440392,1443276
128114,1262050
93257,1923963
188694,1174052
222554,1463582
1695,1624538
754837,1462776
798934,1314493
352290,1013990
128950,979915
128265,571895
219794,88958
158840,179612
239782,1474396
627730,304269
285102,425991
169060,1158771
352567,224344
998055,549502
830971,132592
626354,270580
751754,115864
945712,357556
625147,222086
294504,1485078
353217,1055788
634061,713551
271224,154043
532417,1231198
374826,925168
104054,966211
190517,1066868
714435,1781718
569827,357020
604544,1388351
141759,425298
994862,470588
573462,253833
566421,1360434
982204,454064
133685,917723
922099,1343790
519758,1203903
368245,252775
269982,409731
597159,197847
522046,1782043
642693,1337258
611346,1956965
630201,1566654
349179,452980
264062,139609
184022,1608560
528633,1294906
997743,337025
479338,973552
280087,1923266
745478,444546
322859,836566
366607,1680137
154221,187936
511325,1023836
871329,850797
572418,1276800
278900,366915
239860,1250004
744381,150422
311132,1578431
344938,822192
171115,406481
998880,1423180
30613,1761344
62553,844683
856438,69512
71310,1681350
782078,1413870
585397,511349
837243,539588
824007,979274
403124,449797
588684,157809
216666,924520
919565,1358529
715994,404490
232079,1939270
382959,581277
626983,717869
688149,78506
334674,1442555
925226,1581766
652888,1935661
552172,897166
215350,698542
223948,1001609
683640,1248585
211349,1788237
209100,129494
116703,1989849
883672,1586600
101487,960269
388947,1536536
950292,280968
335234,1046038
995815,1440896
417254,1960073
658741,116043
636673,83761
819307,639572
336360,1124046
505168,321260
23654,1126860
953906,990778
660658,552358
903031,1475845
689661,1079797
535067,1257007
457508,1449795
964458,609018
368038,393734
815230,718454
311686,1039561
669237,1463030
944527,57768
509748,1420179
574648,598147
672637,1624595
501585,1924592
832463,798030
4870,390711
970536,689511
921716,1512282
446000,68801
330895,1793901
900045,1128406
972976,1331207
541070,1334967
112657,274855
94319,1477029
5301,870287
438393,1165282
712867,654573
836205,630676
945700,1837644
698065,475194
959059,293482
633144,1907929
611235,747762
986036,505617
799914,760463
412485,292026
701797,269041
14677,1331829
994646,1499580
191324,174740
496479,1687708
897083,1220846
655315,1867849
572099,1866414
385091,1636877
892850,578160
239891,980062
969246,435006
669661,1234236
453357,580680
375849,139721
557993,451121
419558,396525
743429,308000
804204,1102730
754748,401057
613893,1854437
300338,1613210
703093,533689
360283,792103
422814,1390903
700453,1816117
452192,963232
732774,56687
161193,920987
363352,1589924
56385,176987
584718,220713
16639,1847446
665041,905965
400402,214883
4285,187695
361518,479869
702135,1653881
277684,1719740
237493,1840083
508663,107965
148337,916688
967171,1191293
288803,1173368
133109,997370
665680,181408
774975,1139772
567790,1161154
353600,1322834
696367,134077
694158,177302
515102,1290108
983421,507795
937017,1650302
448161,500261
468896,1882208
941793,1652125
540953,165334
841261,1094031
834340,1296369
501973,1532078
896793,68145
482809,718135
61174,1508830
152657,857512
998459,768506
311978,1366449
491535,1024001
583493,116704
109750,1448864
143710,1634445
359240,1017107
710868,1023150
391833,663817
353846,173131
128046,1600906
240645,1723339
718232,723167
266949,1219583
312000,1915735
553533,406626
22072,223989
119135,1291266
455331,1520641
623325,432473
830160,455709
888992,792713
158774,373272
712910,1912791
741507,1474472
302888,1465756
66662,1537742
238573,1754348
8683,712187
266792,517811
903082,1178133
695534,1488687
631518,1549482
542405,1030312
185608,1575046
724854,359043
500863,1386180
683222,142486
631564,1168941
819389,96974
884348,1746600
707097,1726260
341074,709827
536869,683246
716004,1338257
547267,1248292
556186,632078
504812,1669591
532062,335759
151547,1331387
593869,1725088
320255,490199
15502,832094
83227,1389174
809417,913212
49447,513535
314019,1655151
768261,425929
967803,825840
28419,1986282
39562,1647973
343955,1828206
236639,1471009
986515,1290461
415774,882105
241324,1735486
492847,332506
40767,1235616
593244,398621
725195,1111336
833713,1358741
413292,1571788
95313,1121758
847143,592944
984827,1470370
191216,1033159
1320,826484
489313,1373699
691004,982761
488963,1318850
65088,1900159
313884,1011385
342169,239762
19598,774721
439506,687722
927662,383286
349623,1066855
526993,1418238
216447,95133
588266,798467
782542,1208933
79108,1233217
605531,1371949
817886,455549
578947,1969664
265211,1087360
978656,837241
852101,50676
167693,895840
170273,1353995
993641,395049
105777,955562
137335,169715
892561,1607420
670817,409673
849061,1639582
997825,197174
844942,670656
525961,1479420
241887,1831193
893466,1535595
234180,1680565
663855,1579801
812820,342733
862231,1630353
780381,1006677
45851,1253392
418858,692947
338729,1034551
186693,1525718
15255,339214
488510,902487
386106,1999939
59872,924962
898026,845298
971797,1028806
458186,833310
206018,751386
438092,1494003
103995,968573
478906,185476
332632,1783744
231893,1153488
381296,1310005
965468,53705
793857,200225
313184,1518889
441488,1279585
274963,571775
179850,449930
639024,529763
543863,576046
270437,1215970
147019,1715281
398628,1681221
778929,1369294
935772,1378356
160299,1672769
117430,541737
498865,1483956
581337,733845
394643,165073
560866,1211224
542887,915746
16817,748381
423464,853770
781103,1896771
34082,1983594
154181,802492
790587,339669
801021,1475440
685009,986685
352146,254860
890952,1609818
154177,1898311
937065,76510
513996,100599
58443,1203873
913696,616877
917789,502160
725795,611533
997393,752403
982384,1684093
919973,524594
904015,1241869
290000,1470476
709921,970135
2622,597901
872630,316355
755667,1942193
336032,1604936
351946,1542928
438469,1021274
363470,550637
447095,1148152
310237,1623574
880739,1153283
809265,1124396
541430,368834
451539,455489
438584,835163
903517,453040
684264,1637133
867456,1431102
212738,383756
261725,893648
228389,747260
888202,846447
42059,1071755
85269,1933722
200821,1798565
309788,272239
606471,1983977
514145,1254691
176695,785574
654734,1516256
933073,1250401
661025,701670
145048,1426991
631071,108392
292280,1694833
335179,1401248
122892,384390
290198,1982549
719426,184543
810941,851743
747394,487459
856186,1330858
154756,1152730
982370,1628257
851430,1881636
995328,710953
750316,627368
286379,419869
590936,1544718
127277,1806553
190290,289488
575997,171557
903241,983279
532778,144386
952954,206508
96459,1581338
71891,550345
992516,1173882
927241,125491
338281,1398657
503122,1064784
693085,1686628
829881,402077
234117,1986887
634394,1262785
86246,995036
761385,828176
926780,1859266
293178,141776
58719,1859586
558417,866380
889800,856618
165599,1982040
957762,824411
167079,1742583
269209,355945
857772,811831
753381,1710170
956332,1723397
965619,152334
783953,1936922
434644,1995136
475575,1087910
502673,122325
795763,1334054
764791,1818987
706219,1429940
980979,688568
670945,930734
692358,1227324
203352,1081306
407575,421288
120771,466300
616408,1301005
596495,1808701
823031,1292248
188398,1333402
872539,60279
95194,677674
709899,1053936
755425,349302
204090,523885
711228,1451001
5875,1616208
309891,1569969
634493,1258894
813453,283195
335322,169037
579189,450498
125557,1063584
557682,85559
675495,491105
462160,1576071
607416,1292144
350724,641052
9230,622087
480745,1654927
132756,1810402
411703,1719968
266295,1824509
728950,1759565
769784,1375557
793826,1498428
566034,842532
456705,1650796
891608,1415106
108,304154
299380,373949
307660,240884
165162,448561
40211,1923365
354066,1288170
780340,289599
328434,605479
749469,228456
424469,1181705
330126,1024629
809232,964133
177281,233075
22784,1830735
266018,1716823
265301,1575260
307583,566058
982834,602548
127510,1633466
315001,306155
821975,372336
869720,301256
816862,358156
773612,194013
45858,230028
458279,1193946
217522,1802117
483106,365239
463924,1263917
261802,1477871
303387,966037
313414,892650
727863,1985793
564284,1084918
261057,1588184
502688,1112547
333385,267923
610190,251552
751450,485520
405657,76663
515442,586444
419613,1127366
243461,1620573
352138,952588
22570,1932451
871881,877486
758369,550659
39064,1211760
530930,1912108
362918,1489807
90982,1585587
352052,113646
974741,814886
653484,1571093
417451,636976
278867,1002915
433001,422086
35354,453216
583430,150372
676142,680040
971504,1278851
234749,862109
274628,879238
58606,321855
772672,905009
538557,834835
10523,778405
64765,944930
320278,262654
120924,1038458
462950,1215138
488797,1526241
727309,63791
308324,1512775
689064,338110
889921,1586947
539805,1129880
236661,149997
502221,1847167
581679,1611699
99112,1546397
17562,907288
524707,868944
760812,1442988
295718,1859065
678845,427160
228493,773912
496422,889293
239634,1975103
70408,1217682
125551,1798834
284464,199445
86741,1166868
183640,1778241
651384,898970
779795,1674781
679714,856561
630327,1244025
951302,712262
662273,908282
899389,1449442
580965,702789
529875,1657960
685278,467325
282548,595907
186358,1957337
190763,937693
952883,1792092
617363,325742
401910,207236
975905,1752036
890947,971964
246077,828759
709695,1783083
208016,1704708
759272,1380343
528616,542125
248911,329315
610093,695864
303119,1001043
60840,1333206
921085,1137292
248431,915833
245694,1454235
159439,280976
571819,304151
62013,741569
842891,157317
514423,549180
179680,1475108
661392,582225
411001,1896970
74012,305216
449118,954362
454024,866093
495674,698916
65374,1760533
502552,917983
319406,870386
383783,315805
536047,320732
319822,1922789
398204,891928
439580,1218934
156990,1367276
902460,1805681
529178,1287749
974976,842156
27636,1589695
644803,1353631
431109,1324487
904773,528013
33271,473524
664700,1664652
320165,474834
185738,1237457
681138,1163726
340795,860179
440883,733347
250725,818900
446529,406859
352670,1769062
176913,332015
921769,1226189
78617,56217
498944,122788
60426,605900
947994,205207
972447,1009157
197458,672739
204,447059
636288,692658
712640,1560897
293820,1911942
689693,266597
113195,1120479
156541,218649
841592,1756918
106830,748334
251057,116283
438543,1608768
676709,1247875
86996,215167
986490,1461108
760523,387293
653043,1044796
596670,347813
108092,1873417
893366,1175742
501108,1446085
793340,1876211
996306,716926
462229,57697
581581,1588347
572545,526723
354198,820777
568006,178903
761776,1528541
44599,1634239
181442,1148090
408686,1566121
547977,801075
151116,304346
598877,942243
411544,1719966
604979,828379
881735,531863
97659,1219512
1995,1586573
312597,1563075
559309,168712
883944,917196
866567,1092831
357829,395129
107599,1475154
433969,863208
933189,987980
999919,1289291
896028,1434545
525616,96544
710443,1247482
710589,1337217
117614,1526429
99184,101788
858022,997641
538419,972954
755138,299022
966894,1936094
77445,598193
317466,208032
300006,1092198
109089,1480476
323832,755041
320590,530033
691906,318290
878655,452865
461948,1361753
378551,746974
939671,984865
746405,1799413
571706,677621
614233,1612981
986223,1893713
961139,456779
800185,756664
516620,500329
964048,1798957
397765,204396
258073,752480
494751,430031
273122,426503
121752,1563301
960201,1928444
631579,1651369
401310,1466637
336067,504180
305505,1897378
539190,870120
290709,559131
577121,1182114
801081,1981184
482704,1658323
991241,50269
587358,1260973
5654,1843916
150402,340377
368976,1948719
443266,1307068
823657,1012083
842507,448773
352335,58006
474539,653942
224798,925718
198735,1885477
170006,1577412
19826,1503515
548085,344331
590178,126042
744029,363019
216571,1701388
407995,1074103
113983,754861
968175,324753
625712,873935
171918,154804
448907,1234679
956843,866801
61750,1036019
940942,852033
963147,153871
380888,1188006
759807,107641
14783,818079
748093,1374136
799199,1320974
388657,1481386
210847,1834748
149192,129021
648713,1134289
785560,58679
972465,657820
81189,1670691
720213,1861847
643415,130012
297652,928328
182760,672715
651370,404789
491176,1027027
21434,1685111
856067,1065529
182312,879943
346414,1518056
862471,1034448
122728,943580
223340,1877094
874138,1963259
8547,1438779
721252,1058571
346510,1545238
894891,1733014
373524,1224667
661280,840969
475153,1472361
16858,1292593
445480,194259
412357,1701888
292878,1698178
659770,516772
837519,1096905
865575,1478605
39623,1625798
686494,1610711
988682,281589
336537,1284062
753553,218827
433289,616677
770446,350819
456817,1251947
175322,1598472
774392,1283024
955027,1240114
776472,784476
628857,180150
688529,1275644
420818,363930
853153,1647563
340099,1088883
197381,1630006
292031,1810997
803911,1619375
931079,1903405
715940,1668972
500702,1290582
17622,952404
733376,723236
756069,1924680
677270,1227217
512018,1870887
894130,982404
867915,1502876
178788,783827
979368,1987011
135844,845053
871032,1845348
997366,1881880
590362,1214523
91959,1059061
94971,557102
89338,535222
85157,1618303
96126,495721
895965,519121
340154,1127887
801484,1784248
57402,1582839
285454,1856816
549467,147316
394234,724248
129572,762529
240977,1236365
15208,1906890
129842,902556
484397,423497
926523,525124
978574,576145
65491,1324976
241852,1259315
84100,546010
274409,507018
133572,431990
145300,562032
313026,624597
858063,1735759
946789,553001
887619,1153612
690309,1822682
622729,830295
439016,113090
33017,1679919
730043,1048801
715750,1240291
585024,1414366
617118,1478030
428034,1902165
675831,579927
832641,828583
997917,1288906
361056,277700
371569,1321175
278459,1925266
867420,1847489
715024,1404587
341400,742338
474652,1067479
631444,1410875
258990,652993
687761,959138
517425,900880
635465,604905
885420,244095
743449,1590461
496449,1762412
354803,572966
216108,1404331
271380,1233158
330691,1766965
109105,904666
416265,830795
530975,63984
160941,170077
60643,1217524
385199,1775329
272218,1274833
149219,1743801
835032,429363
24404,1257930
13436,595965
921139,557662
21504,1260582
877952,1843204
695719,1415851
664000,1921880
706080,998070
977481,764073
875425,208870
328268,1305435
753413,353903
138100,1063327
379929,381847
426555,590800
540707,126318
871075,1723882
363611,461380
883740,489313
620274,1218234
193067,1407697
1392,1371641
713241,768396
594099,1211593
993959,1461580
232160,1315247
995077,71043
972645,1466769
974314,479015
819834,710978
103981,1049295
699560,1212768
800936,1310805
256549,1916691
893581,1929428
766156,1092474
540460,104783
892587,1744107
653566,105198
894808,1966583
46645,607601
759528,1876017
696285,175964
250490,405072
955574,1892488
730781,519746
936225,259253
39477,83716
634160,1783739
802433,1706614
288543,1419440
474656,202229
4768,1398699
287261,1504527
985603,1640182
346325,210941
76704,1855883
666222,1039377
580905,1697812
575625,639525
316067,1373332
92493,1282865
497245,330684
905898,515909
966548,113886
222608,560507
86825,989985
426823,551202
356717,1555900
249450,1544344
987901,488220
676941,1977718
244283,1801877
800154,1831053
19680,1783587
849355,1046053
38936,456364
947895,691883
757666,117043
679728,569687
908519,1410338
598315,399210
993018,594327
300143,782132
329944,129822
840756,1509236
747584,1012699
427986,643098
352893,1044487
807865,1504363
207067,663020
405935,526257
658138,1727898
217988,750892
161446,890476
608133,549095
605882,482451
747644,143779
628686,979484
352076,1090495
993444,1175608
698079,1419516
418887,1348149
351752,788075
319350,877151
497234,1336734
123826,1276708
333507,1953295
675727,1123577
531722,1667003
966388,1688159
167315,1866674
414283,1667017
541547,1748032
348724,1348960
55182,226635
871546,151221
10632,1880735
854925,935035
21809,1304376
508134,1597474
604906,1307676
496068,205334
724389,1599717
661854,68385
794680,390638
377808,1088580
761371,194132
926415,1203334
964060,1089738
579963,377876
705086,62103
205385,947711
868680,508724
233705,541628
537492,1961269
157218,55593
304596,780246
59117,425893
856068,232390
976512,1739537
489306,442142
37506,959142
415122,74269
961342,59090
897295,1537155
809299,794640
596853,1801921
870203,1980441
20449,1552384
47514,1685912
668158,427564
13575,1884140
962155,705752
45341,1295035
560889,1259409
734534,197293
475641,1862853
692113,1985951
19343,447891
479486,1695387
989581,1002121
258972,429186
757429,146577
738693,1350394
149665,1060864
767688,790784
290166,304740
920994,1047810
990008,1653997
12256,439962
666864,295872
23029,1986747
312470,281304
460384,1554378
972748,396355
819258,598981
249648,159126
129750,593788
678770,541005
324964,150983
393954,1800981
670899,487595
131358,1612933
356437,603068
707516,902199
733141,1209353
905329,60862
603538,602292
390786,1738646
653900,750893
518869,1830259
297703,684895
862114,765869
819973,1637257
490378,503439
29771,180178
362643,691159
943957,1865967
96317,1654038
757134,466997
756139,645259
136432,757488
656756,933219
7826,1385989
36436,1859034
734219,596686
985260,1909508
625011,1508684
374923,1656762
361886,1342850
823429,723750
25594,1788407
704634,1171005
512966,182575
508886,56299
496226,798283
643890,1288226
813332,1881973
610674,855708
524741,198867
318396,1177236
776523,125852
961967,796296
474207,95611
980299,659648
484973,1243008
266148,1223669
772197,271035
791723,1660000
741170,1190862
340337,151964
359927,1388833
45615,118273
177604,777791
514808,1613457
582521,1193449
301149,763884
922481,488719
986626,932527
285963,1238482
359233,713031
237628,231502
178242,673967
55084,1830879
256403,165004
895301,1251355
626782,737532
140283,354554
51299,1901852
504570,873389
191320,713442
212216,1712258
291111,205854
63501,1967152
506589,1092984
675811,115795
760646,138422
656373,337208
584591,1488242
463421,1955055
417138,421866
808080,744577
458577,1566605
768516,1490996
645076,1399974
401988,1915179
237826,1186911
183337,1503460
732709,1948447
550284,915375
133029,734252
86698,851546
896143,485724
780047,1098163
242330,1951210
248890,1623817
783375,593442
143096,493117
754707,364881
161911,453182
647870,1055005
289845,1398391
824731,1458556
238931,189028
949969,225281
103154,1904602
765011,1069763
67704,897054
124825,1469002
165406,464019
451913,1695169
439001,1351900
715108,477579
98508,1621039
76662,662094
38249,1782298
778382,1620089
496782,1900706
65070,1828180
935447,299168
377310,1311508
585830,100632
568635,1846966
700671,197438
102738,1187291
233352,60342
19821,211301
115848,323656
166731,267367
525776,1250826
161886,1366222
948144,538143
356192,282310
14845,1565016
915356,223550
50076,379313
31236,273047
273928,1935180
415982,405457
163442,1368753
483636,1149225
452091,101232
366696,875944
134490,1457848
326772,1808668
738730,885334
476990,257153
421685,435210
997895,83022
355831,656273
353096,678560
868373,1424597
19377,1024508
356753,1616521
496500,643147
207886,1433163
225427,1781457
613547,1858394
148205,1966534
964921,81772
188808,1433063
404794,1262430
537920,1321089
383494,880794
77880,1715366
994119,1368700
71012,1390854
71610,650918
258394,712127
816850,1841309
451472,1226112
558057,1589461
873763,1930925
359003,464410
769242,1348956
620662,303459
378930,1534396
952809,816938
577170,1063073
885356,779587
280091,1103648
248120,1664469
921095,1935281
54276,810108
62912,195050
621107,1465624
673269,1721219
244629,552432
289069,623641
732256,1743795
294102,170130
363629,779889
524783,1897350
546443,967293
336671,680463
633685,657705
199167,1240426
922361,1135239
529385,1510725
443945,1868654
400228,291114
51524,1810112
466407,108169
738288,649802
696145,636451
88155,1375753
580168,1291300
177274,525426
391424,564901
348297,1042970
553236,140922
406926,429865
485787,1151369
824293,637382
33867,1212993
613126,709653
936747,1784242
815043,777798
16943,855761
93001,1156491
989645,1055112
827686,921014
365059,1249619
233714,1042736
418244,351473
560006,1813641
820666,1211649
118054,1369899
644160,1536391
589674,341613
203258,560693
527710,901338
418847,305753
454560,1850565
93255,1580117
808334,1940306
39916,107194
545536,612257
295072,1530650
364924,1173965
506442,605736
511174,482528
349968,1613355
122795,1519085
117577,1383891
398372,745414
920959,108021
413218,224280
817109,1758189
332821,1645880
214920,493199
713866,1011129
157763,1451285
382515,617262
736869,820915
136640,974297
999890,1166007
626074,920258
339890,1528163
459468,1538457
243788,932773
50073,835909
986656,77725
365215,613146
39734,1151771
162968,1890018
882976,1152077
166426,636469
941964,895643
893655,1418704
616667,1645641
207151,480611
194982,1100882
687601,624458
673151,1788893
167367,306479
358623,973178
58725,632999
799721,638759
826313,416810
180927,1507562
77370,1346874
507746,1393242
468683,722597
815738,1751521
382266,1543756
160600,1337932
816237,1664025
755698,1521097
81769,322661
931365,280903
474886,1483815
98903,549033
664482,431644
511736,1300318
962637,573901
730132,806677
775689,1229517
141110,101772
159434,831907
257145,473168
836864,1756010
644569,1154055
410131,1623237
358703,1978739
743439,869023
288719,1187709
476978,1890150
598572,946171
982773,1139327
500441,1612577
46380,1202071
279982,839540
183846,1123461
24399,1754265
554813,634015
456278,572520
60184,673721
589474,632818
870883,1593809
750669,390826
619229,694952
196661,1902297
335943,1490286
925153,1525110
457534,1470708
316319,666680
215209,980032
609175,271413
22904,55873
547474,879304
130199,1350095
159603,207113
380934,126871
437091,936816
687605,150094
505762,72611
500501,796132
625633,99596
486242,517920
477667,1651340
89298,808736
963186,763437
200049,1976213
393650,1375048
775982,1829947
9493,1525483
584390,1666716
701294,1635287
210301,1207138
11569,1401441
215020,1980743
172432,648996
902880,1084074
167879,1307605
343231,468925
931281,1261768
611861,633952
90148,1293513
630516,1776372
43071,809519
105488,513960
16784,100036
664841,1471653
539438,798103
695708,1243313
409970,803219
354245,1198069
566424,1057682
313455,463966
249188,1995022
623336,1898764
699318,1292697
472398,1993240
607528,1558339
276184,1687927
438081,1100919
850832,1887150
782783,1236555
189992,687702
338015,300998
355943,1011361
701810,333171
746170,152842
334821,1947152
612345,99536
163367,166238
308412,784826
987431,128582
202869,1852719
984813,1871897
613394,987139
191144,1489347
789652,1475518
208439,1521370
892439,1002259
860668,70107
854249,1541274
233979,1147692
77685,1682309
21978,530518
413971,742746
962470,1767553
230843,595327
726243,1303232
920520,1759035
735939,1127136
764094,1507763
630894,859691
387907,1540040
677114,798288
735541,65045
849112,551116
483793,344794
622283,1155536
364137,1964591
920181,729443
132323,1919316
723650,603144
327628,110407
702424,546643
661002,858285
640553,674829
86398,1050984
257206,1546001
212196,1030796
373782,1926336
840814,540277
834262,253645
704866,1473396
333047,1180120
358605,1349542
569251,189491
633096,1532960
180522,210266
569695,1693278
245555,706947
286197,1855030
156492,516483
368799,1518820
497105,1432635
298178,1873228
690533,1816585
626808,1547152
575582,1467868
785502,714957
262030,1904220
1645,1728779
137229,1245056
740543,1203057
127762,1284936
641516,105513
943084,348894
807691,1784663
866,396847
564387,1654487
434637,162720
668930,1784512
156081,1355101
521341,210649
667454,574160
435643,758490
170183,527511
467519,1380336
827434,682235
408898,976560
471019,907541
96012,1751333
535065,1316724
98659,1947904
779408,1098339
279768,1851084
998486,1586253
273701,1981614
992202,1957630
796660,1171420
672107,1094147
304522,922235
694249,334019
763583,282352
832653,1000892
584444,728733
354631,279932
440375,282346
226376,942041
59265,346232
743176,1550750
550308,413499
154153,685263
12484,1277072
21447,864076
584475,289133
28248,493127
109573,625692
888659,1812702
463318,1962347
726326,1448236
610114,483777
255854,75020
146642,675806
668894,1196397
684883,1909093
448114,86668
868474,325594
133604,771816
410903,215090
848241,209641
23172,1596527
177537,1716563
626192,71874
945089,930710
839461,927768
388268,910213
193167,1584294
481491,1258395
47459,296889
909910,1808531
408266,1697585
889933,1093330
208919,707732
746866,1558733
190918,1660965
940016,127330
538096,136241
985586,1916424
17034,339368
444251,1675937
496737,168352
845685,995428
297037,1598602
750385,1758180
453936,1587795
382819,987395
558841,774782
128447,1114103
245113,975051
925890,606117
539095,815592
319555,1745461
842306,1998237
829444,961067
361035,1986341
195966,284238
591048,624627
907321,77750
984201,450413
37666,746898
574592,978662
440864,779772
354031,866333
564915,1255052
162179,1746426
268487,1206296
239195,1209057
522975,1774550
501863,627067
985437,1429885
478662,463819
12209,985965
307102,350637
16465,466540
186864,437089
190419,1664626
556629,584789
70263,703725
503278,336691
841650,700134
776874,276301
606390,418669
516430,922943
430535,1880859
74697,141591
749888,1790964
319973,1092361
170416,277574
186978,1501898
89576,717414
144104,346380
337424,1928215
203083,645176
593232,1974800
476862,1952671
564669,235970
695447,1585173
262136,796622
597026,1354634
918367,787868
490444,1795878
417122,1811259
990508,1741903
585007,409250
227596,505668
566935,1189323
247088,491665
463938,1355011
352717,277183
356861,1171823
491382,1355427
170365,693396
577476,599414
721218,1096566
293467,1772836
494312,1009272
481825,280057
492438,746565
376427,225687
575953,1405808
43603,1641914
30194,1860606
614070,1014333
68903,1988720
846693,270819
803545,1400135
972443,1761275
843340,537652
197914,368757
754785,506638
704105,1547883
575863,1304020
791887,739156
291046,1198329
352996,639304
476686,150604
435953,443198
901194,91373
258031,592117
502304,558427
113840,850494
770642,867771
113506,424285
954709,1823332
729140,149234
232821,1485399
987364,457699
73535,156009
332235,153295
684982,420917
527669,1189943
615544,1314175
268861,1840211
892866,1811834
97660,386679
927070,1502683
825285,344453
296882,1558862
527483,971823
322061,891099
427588,568672
303695,288422
717049,1409763
649746,1924213
637372,558305
584879,422413
563402,839246
446630,1261552
467398,1687225
942539,737113
404034,1667585
521316,387714
740532,537861
793407,448784
457635,786090
539104,1613643
355894,1793921
914594,773209
493223,971442
577953,686876
792825,969672
273332,888188
956541,1702893
996650,1467277
117193,863980
853758,1533798
90531,1092370
296597,797443
547194,118674
424995,614441
836557,331605
890964,1022383
709294,768405
9808,686061
194821,1700126
915651,109135
967745,71226
349955,329487
249814,1486427
316571,1710706
769301,1163628
501930,919928
233671,1456889
209480,1315541
245375,1092600
411650,712284
208055,1312217
756394,888414
979144,825107
342938,1509483
124488,1954482
624632,1718066
507586,1452282
594137,1744032
456603,406053
927422,529294
204966,453439
588257,1494730
804772,1976233
530766,591631
765035,1727311
200196,1349588
602227,1467455
185119,1001094
210054,1164066
340143,1489654
273127,406372
223730,877728
265666,1130183
923531,126872
197514,617381
740607,424467
76013,858138
472959,1534907
190478,1870900
595514,626335
303127,1238057
422724,1020824
640969,1183183
866956,471347
144991,1126536
234650,1522979
919503,1100926
124670,1013378
989839,429130
470092,1976454
219530,62179
906599,766235
57738,658826
180748,428388
638876,983968
27687,1223869
280191,921744
348410,1673044
900715,1045012
195336,785000
331454,1113973
409545,1367161
700032,1962825
899095,679042
229364,1464143
396027,979708
364921,718303
135949,1423750
589935,1203485
976200,1928961
556329,1814190
586344,327642
453950,413143
559604,627251
107353,1983961
60119,1395217
906488,525893
709653,439842
924663,412245
396049,442407
519307,940937
329806,1544163
5070,565482
935303,506544
858380,891999
878870,1597021
499383,1288299
422482,460134
44,864837
479986,690762
954622,152989
414810,1908433
818278,646798
593343,738626
271240,488557
310293,232708
250317,752021
926837,532333
346898,175130
434093,803707
541471,56671
168304,1476441
333168,1196057
571490,1287898
943487,1940400
199159,1909890
883665,1809936
481119,930956
723370,524899
179108,1858576
687634,190181
672178,259067
559501,418159
76411,742486
286140,1942716
528488,914700
796443,1147817
420600,391984
781774,338298
21827,558257
640247,321507
976652,1928765
676851,138165
899199,1326332
617043,1196583
65898,1210268
373356,1547595
786803,1374483
367335,1493468
144241,1080245
388705,504950
571924,1484098
443362,1513168
726570,793806
530496,197733
899007,175914
21150,1188338
499395,1509075
890223,1708520
254201,1386390
479586,205675
297388,1657907
448211,1448619
116818,1169145
673079,1295289
624008,976072
426573,791584
575558,1591480
679204,1503098
626901,82500
217595,925838
252771,776321
627927,1582035
86329,764112
480092,71428
893097,221007
388478,1783647
147007,811239
926383,1195945
913856,217675
481102,218928
915085,59971
116092,1666409
824826,1848463
506653,290935
878594,872689
563073,1150530
713094,1665615
895378,1883754
869730,943060
295655,61541
678371,157004
79062,828748
450142,1841037
73795,1098400
784264,1997698
10471,1147116
323966,973535
609660,1278382
34039,692272
8819,1043209
990496,1965314
394022,764160
43933,1989932
344102,1494017
860481,1523502
109684,1798449
469299,999631
907728,1194963
30195,1884449
714415,965043
774144,1042558
433868,1527310
689296,994380
9490,1710599
697865,863300
53572,1060718
559961,1218476
817827,375646
791611,781718
16387,521087
399703,1185586
921608,1510130
886400,506957
306626,1334711
283969,1920766
102798,179005
238342,212422
366070,1519846
950323,1644566
839673,187631
109446,200115
539531,1450963
888691,235106
572443,1514206
827845,498774
126479,818339
392954,1378283
883329,1337982
550165,1565847
52812,471216
67586,1906699
741164,1591539
855090,236081
384003,668187
852791,640289
751117,308528
818178,380940
8752,1835123
441526,368607
622225,1712438
226474,1689090
519088,762838
77956,1102310
451681,1960213
389648,683262
704914,682431
556730,1025107
232296,503668
981647,1692161
230168,337514
886770,1149285
473737,79583
107227,1856104
836554,1803525
19618,621408
654243,499302
243799,1819581
980555,1935789
49161,1698922
957131,1694292
431737,975638
645154,1660193
46162,1554580
751984,485991
605353,1110764
482299,1455558
923771,330031
995181,266525
706686,1265389
220901,1319804
255093,204308
633357,775775
419903,1744787
140046,751148
468710,1048289
566181,1261900
448322,882655
798664,411945
985964,1174775
264317,1344649
915631,436659
77690,59081
816172,1025529
712511,1371371
813944,1264485
232995,765187
777025,1221970
728666,578506
642792,928112
719029,1333206
932741,676219
145901,1749147
993467,648162
513908,1406662
575929,1012845
326240,408841
593751,1906111
226711,75617
692260,185302
626887,667816
542443,662728
719179,1697103
497906,1892376
203363,692886
370936,97570
833811,1004416
114243,721095
8941,1583493
603247,272987
853399,70881
156204,67087
963252,593598
390519,295363
57229,1641198
910640,314685
324612,447359
431072,691436
547719,1370141
824903,1829861
28108,144486
195503,387470
160555,59374
530771,893123
448810,1563973
570551,512458
13526,256500
169398,1591065
301441,1149010
551740,472667
359816,1765369
546799,842738
133063,672803
393030,116063
793393,963239
254489,725398
5137,1076696
916780,1772833
602432,1486533
605277,1342313
388832,375692
815000,226949
490618,1440820
945979,226546
243820,1088129
457835,310671
639650,1026001
514681,172778
967242,1065539
222147,1174273
76885,892735
235030,1376790
564198,403356
215607,1281354
301092,1605908
342866,1503456
156001,1920031
943195,790651
11304,328933
924996,938972
165058,130479
873059,1810722
319086,1237131
867660,194570
926443,1038548
911703,1822379
355834,977066
353370,1896753
384898,605182
582772,671470
862550,1622846
646596,1633252
559701,1268789
917139,1921677
59756,971549
643705,1619419
212938,1506552
498336,665074
159776,1143466
794954,1507238
853859,1400832
42011,1962824
477374,867106
152259,1325459
23989,1105632
271153,761664
302609,1937204
569955,1941214
672919,1742859
354302,285557
531240,114180
73557,1528040
966222,1567063
745375,223139
776305,565848
725655,1037367
879128,1124437
741392,385451
742218,1635395
324925,1487719
205209,1090003
210001,592002
867669,1232770
350257,1371555
976859,533847
87221,706552
404260,332845
135241,1424020
547881,1790340
579339,1913666
231860,1358904
971089,1473091
246927,491355
853425,421861
892588,1485545
474628,1176121
900412,1714054
430080,1415569
565345,1876497
852589,489560
764459,1467431
715292,1909829
920141,223596
271554,1720870
52993,1714156
428037,641594
923095,173844
152925,886596
276263,1055215
701394,1638590
77666,641513
287645,665303
568333,531589
924457,666328
335896,1068964
550654,1386115
957360,93319
926403,1504006
176011,1068722
430088,625264
841218,1582350
417303,293464
69865,1322136
871487,638213
639618,912101
548444,817647
779381,776919
214085,145110
57037,1530381
828492,1809113
650836,1117930
831720,1233172
724868,653383
753153,797363
47632,134241
725061,338371
210469,614853
684758,346213
940951,577704
122621,379108
676959,1072467
54049,1776856
497438,422876
642805,752255
495263,151996
275115,326720
183453,309777
879266,1995428
339911,143498
908960,830573
497532,620971
323908,328622
513320,1164876
865777,1258352
529708,1574236
912439,1249596
310591,1178370
272194,888967
839516,498285
973319,926925
867990,1927102
879080,696998
87853,57146
584217,1953347
307018,1072228
398032,1865513
364659,862345
40182,1774017
428201,785651
672000,274973
129568,1984417
965465,259736
873672,1260713
649486,1691360
674843,764005
432878,383627
687437,378862
423831,976805
782985,216507
239819,1374059
61063,446592
664745,571140
981660,146585
272500,1934084
334269,1560601
590701,453332
794047,1622397
541529,1404985
825164,313424
934917,1260807
486091,1225694
716960,291459
503123,747782
584905,1600381
751933,347664
477606,1850377
205558,1455178
423200,739395
742245,404031
685924,345878
354622,1881996
739047,383135
23287,481019
547637,1825849
907882,1865909
710350,1033276
686166,1880686
43918,601340
167386,547070
703280,1550721
27297,1328257
928047,1337408
414043,317110
724497,1669458
912117,1217671
927327,829539
43693,818205
842597,712788
685111,469556
265572,1123603
296533,1131754
321942,1433204
168412,1799028
371379,1019307
273498,736376
444237,114477
118999,208537
205115,1772342
380082,1233447
263081,212469
248448,601029
405092,366388
953868,291990
460717,832811
56345,132388
31085,1285651
741573,1616072
891765,443190
939544,235610
910026,1901230
602339,208133
444116,504673
933881,615805
559143,579914
928470,736594
394502,221966
628803,1405666
943803,297774
908948,1705527
636201,393385
493149,1588783
705942,583889
756445,276373
347169,890060
71729,531109
406029,865312
510611,1806991
888802,1236512
780604,1892092
172813,631477
489754,1814461
664195,1135160
578511,60554
49307,246702
513821,1299125
649326,1785084
235053,1394389
127846,1871517
771633,1013308
201457,596913
966897,1436281
406767,117470
513953,751623
896314,417202
921489,1887331
450145,277663
454975,344257
365098,305311
86730,642692
182810,1599488
87027,963482
339513,878768
66194,1417688
445930,272345
601330,1546422
614473,311757
440051,1588628
32540,465825
14665,1724416
771355,1303930
698692,767490
649552,459280
300723,1955610
217287,374631
696220,671877
133026,1880829
540685,1017824
774601,1031563
205053,1210205
228670,1513477
593883,1400096
522324,1683003
180542,70420
220897,1414047
940176,190934
27623,378824
119969,1980959
90610,1409851
788818,1471175
779370,959400
166753,1062341
193794,1558709
949007,1024510
380527,1703877
518481,546626
535456,1104098
772951,1457723
719617,809238
973564,1800366
920945,1984720
253803,1861646
652131,630633
257905,253837
429080,295998
224149,637600
688143,885814
794,769653
922163,1968600
569766,875777
552031,1573085
292947,313298
470283,1234405
496784,755888
734632,917623
854052,832169
574867,1810268
846872,1966875
88884,1763198
590448,1460380
837703,1064596
456884,1731087
333292,1667075
874498,162045
941146,1887842
585435,1675527
970739,1888241
101928,577565
203021,1998661
451106,838379
97458,1504979
762557,1559885
640312,1876334
741713,434458
874691,1563607
123597,1700370
397968,1697754
661100,1699069
749372,176101
953306,122122
929603,1779594
885020,1821197
578105,1238382
122746,450023
393592,1812768
964831,761982
884252,841497
741349,1366822
733421,267793
209404,311078
317403,1668397
342970,513579
607744,1241714
500634,1072185
167130,1331020
230376,345763
485230,424747
750130,1480498
156969,1632448
67019,539043
332074,1023834
868897,1013750
849040,1135153
297451,1998266
954645,1542644
137283,964451
144158,1677427
772740,974690
471296,703386
226682,815145
440255,1498162
992138,1329824
893595,334970
856123,392755
465207,678344
786373,1663553
143949,1950109
503940,1780270
795187,999499
798063,880424
192532,128108
96674,723129
910467,322271
493699,1685956
610142,1737011
441800,129454
320325,1432015
41928,136905
224711,749141
344604,1273149
713810,1961208
847198,1933868
968826,590121
117964,250074
722214,1650777
328296,338659
32942,1398792
883845,1655762
439406,1206325
17164,639038
38750,726352
651393,1632744
319536,1967255
848104,1665141
666458,1777006
272449,885097
452139,810462
477285,1860542
106649,222754
516518,398978
747478,1510290
88836,1480609
749614,1827873
43901,1068179
8180,758631
317954,1359006
705734,1657518
941013,209159
851958,742835
546000,1293289
210286,1630049
288857,496542
671390,1434870
699641,1561269
973377,1437627
689068,1799684
747974,474737
780378,639410
259090,1334069
510970,1944213
917504,700070
955482,547451
79390,401427
219920,930364
127044,751535
879921,1958261
49286,648315
117901,1934235
513756,97568
532954,1295544
457296,1615209
378741,652961
90746,1889335
320244,1591635
718556,1294157
564288,1893023
978880,736793
636844,433041
486193,80686
706430,304811
903762,620673
713366,225132
671124,1657701
948653,842786
281992,1569996
26517,1557915
427777,573037
860049,1692600
264818,93255
647361,166047
286763,1985889
156775,1641071
250582,987738
360666,293662
673187,1421602
785948,1465456
69794,251751
199338,1517522
717536,1886728
929813,1345306
247696,1050651
616681,1513175
959731,209964
727990,1341791
201872,191179
319600,295838
481567,1755617
181764,1953933
719050,367329
506689,333745
540024,1564406
681586,1383914
775144,390823
709342,1591499
241235,1527523
426403,1176976
576865,603685
787814,166908
105285,1455809
57369,913217
549253,481183
593248,1335323
533219,1411703
381445,616360
470121,1769623
962856,346404
738643,1512053
82272,916655
768387,54067
503537,553217
877743,111938
578200,861006
841116,909026
403529,1668535
948153,836919
526804,1761293
55020,393438
528486,404613
955566,310295
373062,222063
599912,811764
89108,556848
102943,634164
945723,1557849
571785,1334858
541563,837282
647007,898456
716447,1788090
354097,1532968
979214,1513339
265299,481808
598237,689274
186993,491457
336243,1377671
390615,1378049
760845,905776
367925,1636767
333486,1361720
196679,114736
824637,1496445
176164,181548
299703,98854
152492,1148517
506663,872630
102376,842120
400612,1197007
863767,77144
660946,262538
681222,784272
285257,540845
16803,357403
702024,1066159
721323,536116
883350,1167760
433195,383221
929498,396173
664690,1963606
627259,267643
548874,1905353
476491,126072
917835,1924691
47535,986528
629036,575274
781797,668074
573277,1544925
124864,1897129
685405,1313895
376125,1763460
51121,1901602
83756,1167350
558569,551316
915677,1181477
89073,1361738
456509,1068106
126617,1757182
855171,1480213
818967,580851
20420,1066952
195696,1610543
764265,768260
212495,1636253
814316,1883780
568340,95273
442681,1339984
204927,1206972
857656,1430000
340958,1030432
272886,831396
424315,1433680
815850,1488910
743855,1924776
574010,536470
158623,1809641
79829,104610
916724,1822439
733727,1632646
662705,423780
708212,374535
313,1871599
835820,1377542
519381,364805
225896,394737
25807,58447
470442,1919928
478324,1727804
203216,415385
499201,149716
987634,1098916
441640,424373
26658,1356820
548904,1703788
882652,577117
6197,1026712
508841,1072182
381571,1572987
238110,1351660
812793,516792
626860,580262
78122,495981
655761,1919978
92794,1657364
439494,1289692
937398,488790
883756,815125
828999,232653
157766,1717464
682849,600378
389216,1599863
480824,248015
540701,369292
256871,1960475
701123,1569214
868579,674237
871685,1754810
739999,121006
149263,410686
601160,1021045
819689,388334
605738,658821
782093,766411
244525,1697200
856488,810711
713095,281203
415847,1670662
956370,1146643
485741,704332
906378,1544582
433282,1417778
604097,596544
79712,1762401
367935,1882083
261964,1109500
392137,1025186
543522,1333966
584736,720348
384100,1762770
404980,440176
21903,459342
887062,231939
458692,128071
736524,607457
947160,1414871
190996,1912635
221612,248345
302262,247270
673744,672177
346147,1344982
255923,1080279
766292,778353
16288,1489156
996499,1257434
905164,520470
647138,284021
743167,541343
163066,1206130
562195,1931532
638648,1704816
589244,756307
428446,292464
637994,1544681
450577,1956138
609280,1742599
837899,1126029
871849,334018
629197,373834
837281,1681285
13471,1766023
499022,1294548
644346,1301114
945341,571114
434013,1574566
624802,1563157
952696,819772
576515,1580038
869489,633915
119178,809289
547436,608528
52242,1149271
653092,1499347
527786,1098558
465748,1287523
603516,345741
825916,945737
515360,1831304
77070,1832011
285631,937646
367217,213199
704048,1075682
982045,535376
7408,153249
289966,1635188
962367,834685
935797,244616
958606,1551448
30726,366098
96561,1860568
825557,592072
598464,1900675
18529,1985939
484071,1357043
465034,675242
245833,424853
329586,103725
623855,1980993
692763,589296
33081,1250111
810047,1035802
536141,757910
288492,1165319
201252,1480526
272772,754048
851079,927074
739406,1787441
166852,219904
508179,1907489
933954,1765999
309965,364521
598930,1620136
693136,645367
519945,1212997
445728,172316
737262,1473263
319018,867328
930740,1605621
857184,77150
289245,1147605
988962,1640419
935834,1777512
314722,1321440
664284,1641376
873608,1189714
414695,1153273
781451,329891
891193,1936886
8978,1521866
926226,1279639
113556,1281063
29501,789194
787395,726188
1856,1924718
106334,1817861
811046,1427527
814380,441961
38387,1751608
129826,811961
812715,1673002
288638,1811399
789757,817711
428536,1645501
634025,1456023
239392,1761942
515114,331079
996063,1767595
191569,1109613
733249,1778475
156169,1399717
13660,916342
744387,1730346
962475,137887
270264,1264178
545664,1353609
364789,1216153
221927,1654066
166713,51032
288112,877773
787953,440993
225500,1298243
745178,1146444
777570,815563
163833,504007
343029,612065
125391,1103623
681605,858877
660672,1787491
41673,394296
311899,1850960
661555,975399
710184,376589
682219,1355760
228753,257644
608060,228932
121881,1713919
916901,478880
359611,167889
75759,1510190
875494,289119
102511,1012710
255119,1628941
174131,1954036
391638,540671
341511,1534261
899972,106789
243332,765246
592598,792394
541832,970158
323758,1478634
794251,485403
952912,1436752
814870,1587777
75059,681745
73088,1459570
516697,121352
660410,476585
723528,405525
40997,1288190
336348,386673
530386,1229833
882770,1740522
142090,1891500
467746,1428341
881150,1000157
970258,1512467
522481,1096178
611232,347144
512121,198430
86694,337527
274502,1796004
208771,1395009
840622,386320
872902,1395552
575004,919963
403691,1240231
439572,1389910
933203,1611643
425788,584050
94147,1101431
712273,1807777
188542,1502996
465330,759951
662997,1779129
772463,1276760
487705,1073557
880010,682481
322223,1217065
186110,350620
248008,1803640
275592,217365
746601,447610
9752,992919
942570,1959575
621918,797617
15153,1314360
768822,1474798
963634,886315
939904,657716
69531,456743
318956,1205106
515835,1282896
466416,1967138
140930,1265324
550983,1273824
457970,779637
134612,1495497
892689,796004
692293,707226
467545,440908
247785,1041729
415499,1647803
951150,1051650
478270,1085531
100895,335764
836081,1797947
410010,1526135
941650,373423
24649,277594
1150,845203
477015,1925113
61676,1948744
275368,1839592
281601,709496
4604,1067828
259723,742320
910081,255497
665626,976632
86743,757215
279058,246384
997924,1476174
856945,1439990
377955,789653
616034,254986
592734,1434125
614084,1350603
307481,293308
383368,1418265
519354,137861
65275,496292
847122,1054982
431630,826258
832679,1182529
886499,734032
654854,1661383
312768,1941544
519390,1087284
591099,1646794
33811,701685
906615,126604
884383,792786
329326,1316688
398206,157255
936485,1532009
749272,1753099
612332,1344417
767792,1854920
556998,1081215
140296,1436560
907133,1425542
265589,144190
372807,51801
623928,1598582
474265,1314525
439958,1301853
931038,1119047
139996,1063065
411048,1739366
403348,962316
346475,251280
352967,1849490
547015,1205279
828398,1804951
857898,1768069
637494,1160203
9963,1647642
845652,183618
309701,388481
659594,285105
567264,1419737
926578,1888578
679474,637668
294694,727698
342523,1357323
348621,1580466
450207,1813904
261661,215369
197909,1826593
382360,874054
826826,993383
84132,1004930
937234,1820363
570783,290922
100775,1975204
303023,320038
288089,1791568
260821,156804
78930,1037328
531412,599999
424584,1555832
64128,1015239
184591,95988
257389,1820408
930275,1107086
129022,917633
798139,690939
224088,1278372
312153,808521
795230,573478
448011,917058
146220,1657995
651775,1689277
338614,165018
986047,1288417
689866,1473698
661942,1800947
481524,1746756
224038,475445
115565,388445
985968,728135
662706,1376034
19188,1445058
103008,984257
300788,1973413
790112,1240110
551045,1810866
426145,772577
503370,969240
319870,1628596
621870,1188370
955204,1993275
875684,323388
715176,803322
992194,373761
692525,1202242
781414,834417
625950,755657
711481,1621524
314260,925501
923221,313083
183466,1309427
575275,1786818
894697,1377286
722755,1324570
533105,759697
685203,688814
631734,286518
124899,1735433
735155,1744917
446123,613212
221619,403728
642964,1120655
884524,397977
943321,715107
568407,1555303
967458,125919
357175,1378280
404553,1340464
479207,533231
623201,1441231
738718,640971
840189,887739
492968,1063432
483184,433095
507439,1518077
104679,1833301
331340,1518218
696575,357072
235210,1744004
183723,757903
675911,1787594
700898,1720972
486016,157446
55864,629968
64228,629141
479190,1553255
399631,215963
42753,1820597
977135,133568
993658,1203591
975548,977910
404641,1769458
89161,1703425
68811,1708494
254995,205132
703922,1774168
865679,1639651
688760,291239
327815,1918500
923113,1762704
841183,1659212
597174,503560
276479,1525139
136082,1127057
532317,1606488
336785,309991
102573,759480
617426,499995
690512,163341
452871,1144881
684216,1617074
765729,663343
353686,1433523
933360,1022222
104619,1561421
268920,380663
274789,1098040
295198,1821375
241946,712925
605671,806648
857135,794831
157780,1877058
115484,1124392
831990,662665
81206,356632
453724,667066
548464,1108933
761993,57561
917999,1891598
863932,448944
13184,1892650
471897,1120903
217455,681611
368524,1081503
438573,1463159
801234,629280
979666,1864707
497583,618631
28832,1446802
492560,717903
758539,1122081
311206,847316
733795,288934
654295,1307831
149800,399312
850899,1860864
745357,1113708
627926,1548831
778398,1104968
639497,363292
975434,1608303
881842,797760
696034,1912749
903068,1499862
679168,1980036
924165,329557
804183,1886540
874694,752363
172980,788367
540818,1649487
317401,1984192
25317,1148464
734770,873789
641349,1757740
16673,1314920
308647,1371527
113325,589732
544700,1093344
256606,59941
578123,335369
704838,63064
475585,1789209
717807,1529075
689085,1293537
487153,85457
259868,1918672
60454,1910463
428149,833145
806292,1302810
63877,1558239
539374,1684703
806334,478182
598716,1883069
705761,908093
418933,1151128
401934,1817464
462707,1523461
381314,639261
680590,76519
371251,173451
148035,1870545
904838,1995692
490296,1657696
536639,1019715
453279,251565
19229,810884
243492,697032
950883,146890
489184,1717661
676674,595233
461964,684717
650977,1182009
965389,72471
445763,714036
356859,1569528
492323,139888
207166,222972
761774,1628300
986558,1385722
665621,740403
241427,889226
903588,1331381
475168,1381833
244423,897204
267842,630143
96410,426933
857276,1754572
642495,117148
252739,336672
85539,1311446
420295,1176385
791482,393822
388563,330437
475838,224259
72280,669739
598544,1195236
676064,61987
478071,543293
433926,1891429
967387,1254459
169295,1730056
49248,679748
105373,1658756
527090,130764
541823,1231884
758249,1088673
299386,1294144
30201,1682251
49142,1406281
568158,1017539
977879,232010
115922,1516940
307503,1381172
992342,1693096
417878,971277
433434,1303045
974100,927981
490881,1324021
684918,1060327
707572,1120456
283615,425754
827754,1999781
284238,726972
564588,1964139
853873,378818
383512,873830
205887,266585
274338,605913
268180,1288982
551483,1786208
12766,1710452
533647,1701951
688017,928198
105859,503557
394893,1970980
828995,821793
432920,1565450
935128,1794451
763455,961840
854503,1805711
489948,1364970
827452,1816834
650498,847546
695549,1246817
430220,1504568
956284,1197035
647445,1547446
343829,1578365
142551,1700389
478916,444782
356359,128337
614962,1438709
978758,1816005
355198,1382822
221206,1364579
759271,271942
201246,1612579
891431,659046
821218,858711
609223,1349581
810298,1628431
365444,651149
466413,222042
904476,1717926
269624,843035
455482,1494997
625287,1730808
937965,263907
360770,1507468
466830,131296
805079,687743
176596,630757
973723,1437597
335573,1052647
264571,778633
658394,728752
789831,1060575
864518,950967
208871,779629
876526,717739
60042,1925979
871201,677859
204489,1951504
731449,198944
756072,1328368
755376,825218
664698,414295
121163,1258560
974342,1102209
231915,341575
182947,252413
791291,210037
653801,837164
785493,263080
718906,1465445
217066,891909
737823,543218
281507,1815256
869345,1578007
306049,1820131
372263,1350322
273029,1688041
728085,261162
757606,1162067
457797,419009
61660,1726798
129824,413945
715694,327559
900541,965187
97235,565547
510690,723903
734765,1020182
41371,906873
548978,1111725
506455,1055889
137863,789331
6242,50117
191529,633528
677731,886575
247850,1770588
557201,599930
173068,245192
364674,1431351
179462,241901
35142,1171948
968379,196370
66771,718381
848244,616016
600134,1844415
322845,1941450
132313,519002
13852,150921
918922,251310
281421,1661032
866485,953927
857542,1099276
666214,560971
512676,1990094
881827,1380641
254329,1303958
225030,1806063
106158,1809893
195557,1570956
48061,354294
641825,911490
754538,1883192
832715,1518337
744285,1815349
749534,704737
722947,1967365
964825,1503640
404900,883226
434622,1347390
630288,847076
949353,1365738
598678,667821
937881,1623922
961798,697119
936889,1310262
612787,181676
397062,1418076
648256,1911739
604965,180043
408048,1970610
298047,606709
396003,1827768
450529,849937
491639,1385799
278361,1405056
9746,545101
768181,1759629
713897,1797570
417092,261097
604766,677488
358252,1971235
94062,1134946
547172,841039
63687,1268714
401759,1402715
266165,1911184
214234,1332031
794749,1685933
492314,1905221
255296,1528825
478978,628389
762752,1886018
138548,1044117
376901,190036
909544,878238
953644,1251092
815623,810350
889424,1114115
701134,621278
736052,1503980
209452,963807
729262,765707
771701,1173151
50747,1870116
638505,1937404
929943,684661
319302,1517216
93637,213714
695489,1680573
923872,994459
215761,1307243
722221,1386862
71276,1776005
450739,1196065
989338,832795
713807,409545
520077,138808
471545,1767904
967849,1568576
337048,75808
275441,912972
292235,1207026
904453,607850
834018,1216412
960463,329460
616753,1557026
308366,247470
284391,667973
924951,1661444
552679,1849911
466813,978521
745531,1358864
417682,1443545
981284,74484
241785,670616
217795,860421
139686,1765316
949577,1748827
634888,1358485
158178,1714575
522506,1257852
939903,1449966
829163,711758
935320,863112
75748,1322554
210346,1880747
737857,1401202
919553,932014
689911,924439
502054,410463
992993,1606368
868202,108625
131544,370200
504280,1490525
967549,907591
20843,907987
5224,1546271
699498,1971695
213084,359547
905384,1708163
420004,433304
328271,310954
189566,1226069
470835,1681176
771276,470715
449803,1122426
970677,563867
270845,1370943
781393,1639931
895521,378683
37971,415360
516236,714576
934645,898903
551143,1417895
550180,424317
461034,810675
120191,249837
710385,363580
452240,588863
413983,87208
901116,618155
640150,85626
643623,1882811
658176,207221
938742,1130306
996255,1665192
769970,153707
104951,1390998
518136,1902046
45559,1520064
379501,462892
551979,1291971
290820,721374
692948,945809
354007,1912641
772137,396315
446960,1477136
219904,1190156
205067,589418
637669,1634563
771851,1098359
464492,1677203
212918,1380702
520772,248387
334751,611993
496631,174801
940968,1242193
324704,433693
466555,1016779
434145,1373601
290022,416597
68054,875537
26925,1794499
283861,999298
920154,1328432
73894,1372097
670305,1087679
718522,373626
469664,549672
928993,1447648
581946,1149501
762319,309434
462618,1846965
615217,1560764
314665,1533467
744948,957395
914802,1484218
805946,469971
847517,1989350
808994,1069227
733483,470207
210869,1835956
417564,290657
255264,1964733
925929,1374783
221685,1408604
967695,1304551
246444,1805565
242557,155270
610287,1997631
338948,1278119
147584,457145
740728,432086
92360,1378798
825731,987630
650298,1128798
796046,1946155
247666,363862
363244,281475
99159,421225
813677,1963248
181662,1096951
490449,1114303
871431,119086
682112,451426
607638,84124
614604,1554410
545538,619879
808021,1794531
488847,1312009
34194,1702101
584336,304410
640590,1327768
458293,1422712
214933,862974
535392,1738616
149761,385672
422444,292991
283873,851207
422686,865154
377245,1644243
765863,1062458
31047,314269
85601,488324
871634,1927376
443398,766510
229110,173026
700706,904803
211832,264582
923548,691388
106773,61353
566260,303789
782075,100423
527074,522514
502555,1790888
160157,827847
539609,348710
186112,226171
425063,746449
17152,489397
940574,249982
383094,1459415
615173,248122
876687,644751
631958,1936415
968824,82547
695894,723286
12632,1785443
943280,456119
299194,752045
687158,1229708
711268,334799
469092,254760
331360,1618912
187546,214705
502737,1470434
40834,492469
786528,1842427
935355,124527
328151,907549
258340,76532
280447,219285
135343,1176477
339967,699478
978869,1678404
691035,724657
270616,54551
622141,1089786
332840,1721950
609067,1823842
980319,428212
542710,511425
458578,1245814
977743,351176
539638,1829854
998854,1387722
205603,105138
338030,1585489
310962,946526
526370,1942929
796620,667096
983873,705723
347098,1449805
88153,1918081
311463,1180134
652183,1406883
971427,1707169
873463,878683
601077,354371
846615,147933
967099,208940
200416,785193
93592,1470186
159228,267870
374247,1169030
667331,1019459
461619,56111
198369,523090
324047,1309577
94664,1934121
226181,1778434
802144,718212
690103,774069
910230,1083541
934977,609674
35176,1750872
800129,909404
600213,746260
75905,490702
259946,1141511
678552,592885
524547,942182
507792,762122
960399,708202
892989,367588
780024,1789294
857557,1204154
433012,1124898
612793,369240
760163,1584483
223551,1274235
19800,1096124
572426,275804
885194,628179
362083,249339
543347,1555053
443564,1236186
772290,387931
402695,1739773
295393,392796
907048,1995307
50329,1506324
105231,1280858
974983,1638770
565842,751997
75196,1265116
148809,714683
396137,1601927
257129,1110706
137792,201544
723389,1602466
66768,1915659
536804,545537
697948,952803
681306,1142044
632835,1525313
144973,1032037
196685,1253163
777590,428404
474029,970525
773593,1180289
322262,962470
15701,139012
834485,1177836
494897,1385267
914682,525426
466185,469403
903071,1984501
86630,1946904
648006,1346820
97242,1877029
694636,593672
134876,1633148
331744,804630
311724,1538320
985760,96957
313113,1650011
378845,1380269
554685,1342731
817280,1097377
930537,1402120
527469,133508
939503,295500
767003,1176430
147182,1978283
756998,1823786
857549,1735767
159769,1237511
67850,125273
626272,994140
186641,1145022
405845,1165851
292998,240240
802171,1206682
429026,1946273
161456,1826368
313813,1538768
663789,926610
688065,1689612
713805,1284126
62111,258654
973399,1614590
426305,1802384
14861,149136
617102,1341065
821598,1484889
536381,1559217
817786,882422
815895,784285
378257,877629
300071,551960
888060,1178738
536308,494449
930794,1319691
457588,1668879
132195,972367
802560,1718524
437434,1678850
283525,1549879
216606,1336700
845648,747414
292147,1954057
553918,957779
509526,1562054
734246,1609696
667693,856519
792400,969943
771971,640407
613889,142412
128552,1521267
251010,426495
522647,606506
970126,1383641
50652,591398
716219,1606394
590748,896008
995473,1275251
926522,1869013
573106,1306888
29765,921758
388590,1157663
650125,995523
13693,1769828
609539,883104
920752,1972535
184326,1850356
678156,983832
738605,668270
956640,450523
241006,1083017
140410,1324601
674604,669465
510711,697819
376850,1180678
355057,1953978
861835,789326
719600,1157423
754537,1876919
921033,767936
383300,68513
865510,1988806
962705,409637
525377,1756843
322001,1939929
124447,811428
25138,118562
266845,850756
